{"cpu":{"average":0.6500000000000035,"peak":0.65},"duration_seconds":300.003957958,"error_rate":0.0,"errors":[],"failed_requests":0,"latency_ms":{"max":2.316,"p50":1.2570000000000001,"p90":1.4829999999999999,"p95":1.6139999999999999,"p99":1.805},"memory_mb":{"average":512.0,"growth_per_min":0.0,"peak":512.0},"scenario":"Scenario 1: Baseline Performance (Quick)","status":"passed","success_criteria":{"failures":[],"passed":true},"successful_requests":30100,"throughput_qps":100.33200963373271,"total_requests":30100}