{"cpu":{"average":0.6499999999999948,"peak":0.65},"duration_seconds":600.006598667,"error_rate":0.0,"errors":[],"failed_requests":0,"latency_ms":{"max":2.474,"p50":1.4369999999999998,"p90":1.9789999999999999,"p95":2.091,"p99":2.262},"memory_mb":{"average":512.0,"growth_per_min":0.0,"peak":512.0},"scenario":"Scenario 2: Sustained High Load (Quick)","status":"passed","success_criteria":{"failures":[],"passed":true},"successful_requests":120200,"throughput_qps":200.33113013597082,"total_requests":120200}